gamma,colsample_bytree,val_auroc,val_aucpr,best_iter
0.0,0.7,0.8432135827181043,0.7480347847244804,813
0.0,0.8,0.8407812976621308,0.7487973915779881,1357
0.0,0.9,0.8417795606974723,0.7472641473125087,919
0.1,0.7,0.8425743465993294,0.7486822532875788,1031
0.1,0.8,0.8435871788556497,0.7492853752973587,821
0.1,0.9,0.8419750820113059,0.7457428372020837,619
0.3,0.7,0.8404037025346238,0.7470660723764438,1065
0.3,0.8,0.8423913526139853,0.7486371029318841,944
0.3,0.9,0.8425011513165507,0.747390352262512,828
